系所代碼,系所名稱,招收人數,國_採計,英_採計,數A_採計,數B_採計,社_採計,自_採計,國_檢定,英_檢定,數A_檢定,數B_檢定,社_檢定,自_檢定,英聽,相加項
016012,中國文學系,21,1,1,0,0,1,0,前,均,--,--,均,--,--,--
016022,英美語文學系,13,1,1,0,0,1,0,均,前,--,--,均,--,--,--
016032,法國語文學系,16,1,1,0,0,1,0,前,前,--,--,前,--,--,--
016042,文學院學士班,8,1,1,0,1,1,0,前,前,--,--,均,--,--,6 (國英數B社)
016052,數學系數學科學組,19,0,1,1,0,0,1,--,均,前,--,--,均,--,--
016062,數學系計算與資料科學組,19,0,1,1,0,0,1,--,均,前,--,--,均,--,--
016072,物理學系,26,0,1,1,0,0,1,--,均,均,--,--,均,--,--
016082,化學學系,19,1,1,1,0,0,1,均,均,均,--,--,均,--,--
016092,光電科學與工程學系,17,1,1,1,0,0,1,均,均,均,--,--,均,--,--
016102,理學院學士班,8,1,1,1,0,0,1,均,均,均,--,--,均,--,8 (數A自)
016112,土木工程學系,41,1,1,1,0,0,1,均,均,均,--,--,均,--,3 (英數A自)
016122,機械工程學系先進材料與精密製造組,19,1,1,1,0,0,1,--,均,均,--,--,均,--,10 (國英數A自)
016132,機械工程學系光機電工程組,19,1,1,1,0,0,1,--,均,均,--,--,均,--,10 (國英數A自)
016142,機械工程學系智慧系統與永續能源組,19,1,1,1,0,0,1,--,均,均,--,--,均,--,10 (國英數A自)
016152,機械工程學系前瞻半導體國際組,6,1,1,1,0,0,1,--,均,均,--,--,均,--,10 (國英數A自)
016162,化學工程與材料工程學系,27,0,1,1,0,0,1,--,均,均,--,--,頂,--,--
016172,工學院學士班,12,0,0,0,0,1,1,--,--,--,--,均,均,--,--
016182,企業管理學系,47,1,1,0,1,1,0,前,前,--,前,--,--,--,3 (數B社)
016192,資訊管理學系,34,1,1,1,0,0,1,均,均,均,--,--,--,--,--
016212,經濟學系,24,1,1,0,1,0,0,均,均,--,前,--,--,--,--
016222,財務金融學系,25,1,1,0,1,1,0,前,前,--,前,均,--,--,3 (英數B社)
016232,電機工程學系,58,1,1,1,0,0,1,均,前,前,--,--,前,--,--
016242,資訊工程學系,50,1,1,1,0,0,1,均,前,前,--,--,前,--,3 (英數A自)
016272,通訊工程學系,19,1,1,1,0,0,1,均,前,前,--,--,前,--,3.5 (國英數A自)
016282,資訊電機學院學士班,9,1,1,1,0,0,1,均,前,前,--,--,前,--,--
016292,大氣科學學系,14,1,1,1,0,0,1,均,均,前,--,--,前,--,3.5 (英數A自)
016302,太空科學與工程學系,13,1,1,1,0,0,1,均,均,前,--,--,前,--,3.5 (英數A自)
016312,地球科學學系,34,1,1,1,0,0,1,均,均,前,--,--,前,--,3 (英數A自)
016322,地球科學學院學士班,9,1,1,1,0,0,1,均,均,前,--,--,前,--,4 (數A自)
016332,客家語文暨社會科學學系客家語文及傳播組,9,1,1,0,1,1,0,前,均,--,--,前,--,--,--
016342,客家語文暨社會科學學系客家社會及政策組,12,1,1,0,1,1,0,前,均,--,--,前,--,--,--
016352,法律與政府學系,8,1,1,0,1,1,0,前,前,--,均,前,--,--,--
016362,生命科學系,12,0,1,1,0,0,1,--,均,均,--,--,前,--,--
016372,生醫科學與工程學系,14,0,1,1,0,0,1,--,前,前,--,--,前,--,--
016382,向日葵聯合招生甲組(電資),3,1,1,1,0,0,1,均,均,均,--,--,均,--,7 (國英數A自)
016392,向日葵聯合招生乙組(商管),5,1,1,0,1,1,0,均,均,--,均,均,--,--,6 (國英數B社)
016402,向日葵聯合招生丙組(理學),11,1,1,1,0,0,1,均,均,均,--,--,均,--,5 (國英數A自)
016412,向日葵聯合招生丁組(工程),10,1,1,1,0,0,1,均,均,均,--,--,均,--,6 (國英數A自)
016422,向日葵聯合招生戊組(人社),9,1,1,0,0,1,0,均,均,--,--,均,--,--,7 (國英社)
